<?xml version="1.0"?>
<save_state>
	<input />
	<window />
	<textures />
	<audio />
	<FadeToBlack />
	<sceneLogo />
	<SceneTitle />
	<:anonymous />
	<pathfinding />
	<scene />
	<SceneEnding />
	<entitymanager />
	<map />
	<renderer>
		<camera x="-1791" y="0" />
		<position x="2303" y="561" />
		<enemy1 x="280" y="561" death="true" />
		<enemy2 x="900" y="529" death="true" />
		<enemy3 x="1820" y="273" death="true" />
		<enemy4 x="2540" y="561" death="true" />
		<enemy5 x="3745" y="529" death="true" />
		<enemy1_aire x="1547" y="689" death="true" />
		<enemy2_aire x="3367" y="497" death="true" />
	</renderer>
</save_state>
